{
  "loss": [
    0.2915024542615177,
    0.20770325488088032,
    0.1672355968760927,
    0.11046452442167967,
    0.1012672907205948,
    0.07148430698795202,
    0.061475254321651344,
    0.04890742171588631,
    0.045468266007066,
    0.02658090348471232
  ],
  "accuracy": [
    0.9549331876628289,
    0.961866543407009,
    0.9648289772249768,
    0.9759643667535087,
    0.9842213631397596,
    0.98506176989663,
    0.9846415665181948,
    0.991743003613749,
    0.9902722917892259,
    0.993402806958568
  ],
  "val_loss": [
    0.32857030085488864,
    0.2621929839779349,
    0.19401948026582305,
    0.15073578538847904,
    0.16553415013294595,
    0.1346552523094065,
    0.11970209988893248,
    0.15356151487313066,
    0.11669133043172313,
    0.10864164728159997
  ],
  "val_accuracy": [
    0.9511764705882353,
    0.9557843137254902,
    0.9594117647058824,
    0.9691176470588235,
    0.9752941176470589,
    0.9781372549019608,
    0.9761764705882353,
    0.9798039215686275,
    0.9815686274509804,
    0.9827450980392157
  ]
}