{
  "loss": [
    0.3079111984531682,
    0.2211050186796202,
    0.15453739285954948,
    0.11937880380866067,
    0.06558939904169893,
    0.05746543933501644,
    0.0768186988357396
  ],
  "accuracy": [
    0.9349945373560803,
    0.9646819060425246,
    0.9674972686780402,
    0.9727288007395579,
    0.984452474997899,
    0.9865745020589965,
    0.983843180099168
  ],
  "val_loss": [
    0.34009722630182904,
    0.2749347392016766,
    0.19489728945143084,
    0.17475549517893324,
    0.11968942349740103,
    0.12651394960050488,
    0.14495459870964872
  ],
  "val_accuracy": [
    0.9308823529411765,
    0.957843137254902,
    0.9606862745098039,
    0.9651960784313726,
    0.975392156862745,
    0.9773529411764705,
    0.9743137254901961
  ]
}